{"lookback": 50, "lr": 5.819558454176409e-05, "n_nodes": 20, "n_layers": 2, "dropout_rate": 0.3664127526615948}