{"lookback": 30, "lr": 0.0002489900406618934, "n_nodes": 20, "n_layers": 1, "dropout_rate": 0.4736193060420739}